{
    "metrics": {
        "iterations": {
            "count": 10000,
            "rate": 653.9219159817974
        },
        "data_received": {
            "rate": 3708178.791694462,
            "count": 56706752
        },
        "vus": {
            "value": 102,
            "min": 0,
            "max": 10000
        },
        "http_reqs": {
            "count": 10000,
            "rate": 653.9219159817974
        },
        "iteration_duration": {
            "med": 11160.7888,
            "max": 14217.8299,
            "p(90)": 12462.60352,
            "p(95)": 12622.034929999998,
            "avg": 9623.569738199993,
            "min": 3485.8782
        },
        "http_req_sending": {
            "avg": 0.2832708500000004,
            "min": 0,
            "med": 0,
            "max": 19.002,
            "p(90)": 0.9999,
            "p(95)": 1.001
        },
        "http_req_duration{expected_response:true}": {
            "p(95)": 9786.339555,
            "avg": 6772.019143180025,
            "min": 1306.2646,
            "med": 7753.3844,
            "max": 10066.0525,
            "p(90)": 9618.00104
        },
        "vus_max": {
            "max": 10000,
            "value": 10000,
            "min": 5356
        },
        "http_req_receiving": {
            "avg": 0.16380410999999978,
            "min": 0,
            "med": 0,
            "max": 13.1084,
            "p(90)": 0.5529,
            "p(95)": 1.0009
        },
        "checks": {
            "passes": 10000,
            "fails": 110000,
            "value": 0.08333333333333333
        },
        "http_req_failed": {
            "passes": 0,
            "fails": 10000,
            "value": 0
        },
        "http_req_connecting": {
            "p(95)": 825.5459399999996,
            "avg": 851.1761759199957,
            "min": 275.2828,
            "med": 701.3159,
            "max": 9042.9895,
            "p(90)": 806.3991000000001
        },
        "data_sent": {
            "count": 15630000,
            "rate": 1022079.9546795492
        },
        "http_req_waiting": {
            "avg": 6771.572068220011,
            "min": 1305.0098,
            "med": 7753.3427,
            "max": 10065.9263,
            "p(90)": 9618.00104,
            "p(95)": 9786.19931
        },
        "http_req_duration": {
            "min": 1306.2646,
            "med": 7753.3844,
            "max": 10066.0525,
            "p(90)": 9618.00104,
            "p(95)": 9786.339555,
            "avg": 6772.019143180025
        },
        "http_req_blocked": {
            "avg": 1850.6634388599914,
            "min": 1009.2461,
            "med": 1503.8033500000001,
            "max": 9165.735,
            "p(90)": 2641.29894,
            "p(95)": 2811.5000499999987
        },
        "http_req_tls_handshaking": {
            "max": 3113.0083,
            "p(90)": 1931.5531000000003,
            "p(95)": 2162.8341799999994,
            "avg": 974.5559532099998,
            "min": 6.2182,
            "med": 772.8232499999999
        }
    },
    "root_group": {
        "checks": {
            "200 OK": {
                "id": "e9654c443eff553da9e69eda7007924e",
                "passes": 10000,
                "fails": 0,
                "name": "200 OK",
                "path": "::200 OK"
            },
            "201 Created": {
                "fails": 10000,
                "name": "201 Created",
                "path": "::201 Created",
                "id": "728dcd977aae263ca314731145e1d447",
                "passes": 0
            },
            "204 No Content": {
                "name": "204 No Content",
                "path": "::204 No Content",
                "id": "54fa3c2eda34e1622fda2da5e0479fc5",
                "passes": 0,
                "fails": 10000
            },
            "400 Bad Request": {
                "path": "::400 Bad Request",
                "id": "eeae81934b9b58bccaf0184a6d070338",
                "passes": 0,
                "fails": 10000,
                "name": "400 Bad Request"
            },
            "401 Unauthorized": {
                "name": "401 Unauthorized",
                "path": "::401 Unauthorized",
                "id": "6ae9254e6aefe7f0bafe5102fa7e20a5",
                "passes": 0,
                "fails": 10000
            },
            "403 Forbidden": {
                "id": "655548b761742c5a7ad15aa7df3a5d9c",
                "passes": 0,
                "fails": 10000,
                "name": "403 Forbidden",
                "path": "::403 Forbidden"
            },
            "404 Not Found": {
                "id": "df1528f9925ca236bac51008f77b774a",
                "passes": 0,
                "fails": 10000,
                "name": "404 Not Found",
                "path": "::404 Not Found"
            },
            "429 Too Many Requests": {
                "name": "429 Too Many Requests",
                "path": "::429 Too Many Requests",
                "id": "b810c35b9499cc7342fd415032e3a6aa",
                "passes": 0,
                "fails": 10000
            },
            "500 Internal Server Error": {
                "passes": 0,
                "fails": 10000,
                "name": "500 Internal Server Error",
                "path": "::500 Internal Server Error",
                "id": "3cd96245b24e869810efe46d533b0eef"
            },
            "502 Bad Gateway": {
                "id": "712cb0ec189a11f31f0d6d0c0031b569",
                "passes": 0,
                "fails": 10000,
                "name": "502 Bad Gateway",
                "path": "::502 Bad Gateway"
            },
            "503 Service Unavailable": {
                "fails": 10000,
                "name": "503 Service Unavailable",
                "path": "::503 Service Unavailable",
                "id": "f1ea1a22be0dc738c385523a66ea1cd9",
                "passes": 0
            },
            "504 Gateway Timeout": {
                "fails": 10000,
                "name": "504 Gateway Timeout",
                "path": "::504 Gateway Timeout",
                "id": "218efb729cb654723ccd57c6ebbebe29",
                "passes": 0
            }
        },
        "name": "",
        "path": "",
        "id": "d41d8cd98f00b204e9800998ecf8427e",
        "groups": {}
    }
}