{
    "metrics": {
        "vus_max": {
            "value": 15000,
            "min": 3481,
            "max": 15000
        },
        "http_req_receiving": {
            "avg": 2.385846266666666,
            "min": 0,
            "med": 0,
            "max": 275.9968,
            "p(90)": 3.9999,
            "p(95)": 5.999505
        },
        "data_sent": {
            "rate": 2140509.8989475733,
            "count": 23445000
        },
        "http_reqs": {
            "count": 15000,
            "rate": 1369.4880991347238
        },
        "vus": {
            "value": 347,
            "min": 0,
            "max": 15000
        },
        "http_req_blocked": {
            "p(90)": 4486.9708200000005,
            "p(95)": 4546.8078,
            "avg": 2821.5178213533186,
            "min": 963.1044,
            "med": 2427.4576,
            "max": 4698.4036
        },
        "http_req_duration{expected_response:true}": {
            "min": 10.9959,
            "med": 4229.302750000001,
            "max": 6804.6539,
            "p(90)": 5937.07283,
            "p(95)": 6205.17746,
            "avg": 3227.721488100007
        },
        "http_req_waiting": {
            "avg": 3224.8116517200124,
            "min": 9.9991,
            "med": 4228.8997,
            "max": 6804.0136,
            "p(90)": 5936.6115500000005,
            "p(95)": 6204.833485
        },
        "http_req_duration": {
            "p(95)": 6205.17746,
            "avg": 3227.721488100007,
            "min": 10.9959,
            "med": 4229.302750000001,
            "max": 6804.6539,
            "p(90)": 5937.07283
        },
        "http_req_connecting": {
            "avg": 881.7055635466653,
            "min": 137.1822,
            "med": 898.3722,
            "max": 985.3736,
            "p(90)": 972.3641,
            "p(95)": 974.366505
        },
        "http_req_sending": {
            "min": 0,
            "med": 0,
            "max": 80.9995,
            "p(90)": 1.0015,
            "p(95)": 1.0073,
            "avg": 0.523990113333333
        },
        "checks": {
            "passes": 15000,
            "fails": 165000,
            "value": 0.08333333333333333
        },
        "http_req_failed": {
            "passes": 0,
            "fails": 15000,
            "value": 0
        },
        "iterations": {
            "count": 15000,
            "rate": 1369.4880991347238
        },
        "iteration_duration": {
            "avg": 7106.669494493318,
            "min": 2918.5398,
            "med": 8005.5843,
            "max": 10268.7597,
            "p(90)": 9941.3988,
            "p(95)": 9973.11572
        },
        "http_req_tls_handshaking": {
            "p(95)": 3572.77488,
            "avg": 1928.4782054666723,
            "min": 5.9952,
            "med": 1497.70945,
            "max": 3720.2169,
            "p(90)": 3515.6053300000003
        },
        "data_received": {
            "count": 85078543,
            "rate": 7767603.475348123
        }
    },
    "root_group": {
        "name": "",
        "path": "",
        "id": "d41d8cd98f00b204e9800998ecf8427e",
        "groups": {},
        "checks": {
                "200 OK": {
                    "passes": 15000,
                    "fails": 0,
                    "name": "200 OK",
                    "path": "::200 OK",
                    "id": "e9654c443eff553da9e69eda7007924e"
                },
                "201 Created": {
                    "name": "201 Created",
                    "path": "::201 Created",
                    "id": "728dcd977aae263ca314731145e1d447",
                    "passes": 0,
                    "fails": 15000
                },
                "204 No Content": {
                    "name": "204 No Content",
                    "path": "::204 No Content",
                    "id": "54fa3c2eda34e1622fda2da5e0479fc5",
                    "passes": 0,
                    "fails": 15000
                },
                "400 Bad Request": {
                    "path": "::400 Bad Request",
                    "id": "eeae81934b9b58bccaf0184a6d070338",
                    "passes": 0,
                    "fails": 15000,
                    "name": "400 Bad Request"
                },
                "401 Unauthorized": {
                    "path": "::401 Unauthorized",
                    "id": "6ae9254e6aefe7f0bafe5102fa7e20a5",
                    "passes": 0,
                    "fails": 15000,
                    "name": "401 Unauthorized"
                },
                "403 Forbidden": {
                    "path": "::403 Forbidden",
                    "id": "655548b761742c5a7ad15aa7df3a5d9c",
                    "passes": 0,
                    "fails": 15000,
                    "name": "403 Forbidden"
                },
                "404 Not Found": {
                    "path": "::404 Not Found",
                    "id": "df1528f9925ca236bac51008f77b774a",
                    "passes": 0,
                    "fails": 15000,
                    "name": "404 Not Found"
                },
                "429 Too Many Requests": {
                    "fails": 15000,
                    "name": "429 Too Many Requests",
                    "path": "::429 Too Many Requests",
                    "id": "b810c35b9499cc7342fd415032e3a6aa",
                    "passes": 0
                },
                "500 Internal Server Error": {
                    "name": "500 Internal Server Error",
                    "path": "::500 Internal Server Error",
                    "id": "3cd96245b24e869810efe46d533b0eef",
                    "passes": 0,
                    "fails": 15000
                },
                "502 Bad Gateway": {
                    "name": "502 Bad Gateway",
                    "path": "::502 Bad Gateway",
                    "id": "712cb0ec189a11f31f0d6d0c0031b569",
                    "passes": 0,
                    "fails": 15000
                },
                "503 Service Unavailable": {
                    "fails": 15000,
                    "name": "503 Service Unavailable",
                    "path": "::503 Service Unavailable",
                    "id": "f1ea1a22be0dc738c385523a66ea1cd9",
                    "passes": 0
                },
                "504 Gateway Timeout": {
                    "fails": 15000,
                    "name": "504 Gateway Timeout",
                    "path": "::504 Gateway Timeout",
                    "id": "218efb729cb654723ccd57c6ebbebe29",
                    "passes": 0
                }
            }
    }
}